"","Topic 1","Topic 2","Topic 3","Topic 4","Topic 5","Topic 6","Topic 7","Topic 8","Topic 9","Topic 10","Topic 11","Topic 12","Topic 13","Topic 14","Topic 15","Topic 16","Topic 17","Topic 18","Topic 19","Topic 20","Topic 21","Topic 22","Topic 23","Topic 24","Topic 25","Topic 26","Topic 27","Topic 28","Topic 29","Topic 30","Topic 31","Topic 32","Topic 33","Topic 34","Topic 35","Topic 36","Topic 37","Topic 38","Topic 39","Topic 40","Topic 41","Topic 42","Topic 43","Topic 44","Topic 45","Topic 46","Topic 47","Topic 48"
"1","gene","intak","smoke","insulin","obes","diagnosi","inf","hypoxia","aminochrom","cancer","diabet","protein","infect","children","adren","acid","tccrt","pregnanc","sleep","children","heart","anti","ovarian","weight","depress","hiv","mutat","voic","induc","treatment","cruzi","activ","expos","mitochondri","gene","beta","surgeri","age","oxid","infect","pain","gene","valid","iron","health","alcohol","hpv","memori"
"2","protein","supplement","exposur","pcos","bmi","clinic","can","altitud","cours","tumor","type","stress","sever","transplant","neuron","fatti","parasit","week","respiratori","sexual","hypertens","cypa","protein","growth","adolesc","therapi","popul","infarct","receptor","clinic","infect","compound","hear","apoptosi","polymorph","domain","surgic","risk","liver","resist","dose","cluster","score","protein","care","ethanol","vaccin","auditori"
"3","transcript","zinc","concentr","women","bodi","present","life","fetal","migrat","surviv","mellitus","death","virus","hospit","visual","high","interact","women","oxygen","school","cardiac","tax","human","igf","health","spinal","famili","reperfus","signal","random","parasit","drug","morpholog","prolifer","allel","alpha","oper","mortal","stress","isol","test","ident","assess","strain","medic","rat","cancer","nerv"
"4","contain","vitamin","lung","endometri","age","lesion","present","respons","dna","respons","leak","neuron","infant","renal","brain","dha","complement","pregnant","rem","intervent","arteri","serum","cancer","age","disord","tuberculosi","genet","exercis","channel","therapi","pcr","inhibit","extract","induc","genet","subunit","complic","women","antioxid","strain","combin","chromosom","test","intestin","chile","consumpt","rotavirus","respons"
"5","regul","diet","air","glucos","mass","report","human","male","time","stage","manag","autophagi","rsv","clinic","cortex","oil","trait","matern","ventil","program","plasma","antibodi","factor","infant","age","cord","chilean","ischemia","depend","receiv","chaga","deriv","test","decreas","genotyp","site","laparoscop","chile","activ","clinic","antinocicept","identifi","scale","transport","research","intak","dna","call"
"6","develop","nutrit","water","protein","index","tumor","consid","age","protein","melanoma","hernia","pathway","respiratori","pediatr","respons","dietari","pain","fetal","time","age","endotheli","show","growth","birth","women","art","gene","myocardi","neuron","improv","trypanosoma","complex","exposur","activ","sequenc","phosphoryl","gastric","factor","induc","hospit","mice","genom","evalu","gene","clinic","flap","chile","signal"
"7","function","defici","smoker","compar","girl","imag","behavior","high","fibroblast","dcs","glycem","induc","immun","risk","show","diet","infect","gestat","lung","food","activ","higher","ngf","sga","among","treatment","toxin","coronari","inhibit","trial","sampl","contain","volum","egr","variant","interact","perform","hospit","rat","treatment","interact","number","cognit","rab","countri","drink","sampl","fiber"
"8","strain","iron","tobacco","cycl","weight","old","asphyxia","testosteron","repair","show","diagnosi","mechan","respons","age","melatonin","lcpufa","cruzi","deliveri","valu","educ","blood","ham","placenta","children","social","report","variant","ratio","releas","week","dna","show","subject","protein","pcr","protein","techniqu","birth","lipid","antibiot","drug","menopaus","function","identifi","develop","anim","type","attent"
"9","show","energi","plant","amh","measur","show","death","exposur","microtubul","specif","luteal","apoptosi","pneumonia","surviv","sperm","tlr","import","fetus","breath","nutrit","pressur","tsp","beta","higher","student","infect","found","mir","calcium","outcom","blood","radic","show","cultur","chilean","bind","postop","death","injuri","stroke","administr","region","sensit","coli","system","dopamin","genotyp","rat"
"10","system","food","arsenic","hormon","metabol","rare","discuss","higher","simvastatin","antigen","latin","gene","viral","diagnosi","area","hfd","inhibit","perinat","fish","women","left","csf","activ","insulin","chile","antiretrovir","brca","perform","stimul","placebo","chile","properti","obtain","testicular","frequenc","peptid","procedur","preval","administr","antimicrobi","opioid","show","questionnair","adhes","public","aldh","popul","frequenc"
